"model","fold","train_rows","train_start","train_end","validation_rows","validation_start","validation_end","RMSE","MAE"
"FX interaction","Validate 2021",1476,2014-02-06,2020-12-30,211,2021-01-05,2021-12-30,0.180881921459202,0.139656814403673
"FX interaction","Validate 2022",1687,2014-02-06,2021-12-30,211,2022-01-05,2022-12-30,0.312546481693116,0.227885246421724
"FX interaction","Validate 2023",1898,2014-02-06,2022-12-30,217,2023-01-05,2023-12-29,0.306514397737363,0.204358148641651
"Macro controls","Validate 2021",1476,2014-02-06,2020-12-30,211,2021-01-05,2021-12-30,0.200340220853278,0.151480867375601
"Macro controls","Validate 2022",1687,2014-02-06,2021-12-30,211,2022-01-05,2022-12-30,0.318230989247709,0.231484388072102
"Macro controls","Validate 2023",1898,2014-02-06,2022-12-30,217,2023-01-05,2023-12-29,0.303925500651858,0.202226233462766
"Full factor model","Validate 2021",1476,2014-02-06,2020-12-30,211,2021-01-05,2021-12-30,0.204308521188063,0.154780090557708
"Full factor model","Validate 2022",1687,2014-02-06,2021-12-30,211,2022-01-05,2022-12-30,0.321003114965386,0.234263050610095
"Full factor model","Validate 2023",1898,2014-02-06,2022-12-30,217,2023-01-05,2023-12-29,0.303813000372208,0.204024054499902
