observation_date,IRSTCI01JPM156N,IRSTCI01USM156N
1954-07-01,,0.80000000000000
1954-08-01,,1.22000000000000
1954-09-01,,1.07000000000000
1954-10-01,,0.85000000000000
1954-11-01,,0.83000000000000
1954-12-01,,1.28000000000000
1955-01-01,,1.39000000000000
1955-02-01,,1.29000000000000
1955-03-01,,1.35000000000000
1955-04-01,,1.43000000000000
1955-05-01,,1.43000000000000
1955-06-01,,1.64000000000000
1955-07-01,,1.68000000000000
1955-08-01,,1.96000000000000
1955-09-01,,2.18000000000000
1955-10-01,,2.24000000000000
1955-11-01,,2.35000000000000
1955-12-01,,2.48000000000000
1956-01-01,,2.45000000000000
1956-02-01,,2.50000000000000
1956-03-01,,2.50000000000000
1956-04-01,,2.62000000000000
1956-05-01,,2.75000000000000
1956-06-01,,2.71000000000000
1956-07-01,,2.75000000000000
1956-08-01,,2.73000000000000
1956-09-01,,2.95000000000000
1956-10-01,,2.96000000000000
1956-11-01,,2.88000000000000
1956-12-01,,2.94000000000000
1957-01-01,,2.84000000000000
1957-02-01,,3.00000000000000
1957-03-01,,2.96000000000000
1957-04-01,,3.00000000000000
1957-05-01,,3.00000000000000
1957-06-01,,3.00000000000000
1957-07-01,,2.99000000000000
1957-08-01,,3.24000000000000
1957-09-01,,3.47000000000000
1957-10-01,,3.50000000000000
1957-11-01,,3.28000000000000
1957-12-01,,2.98000000000000
1958-01-01,,2.72000000000000
1958-02-01,,1.67000000000000
1958-03-01,,1.20000000000000
1958-04-01,,1.26000000000000
1958-05-01,,0.63000000000000
1958-06-01,,0.93000000000000
1958-07-01,,0.68000000000000
1958-08-01,,1.53000000000000
1958-09-01,,1.76000000000000
1958-10-01,,1.80000000000000
1958-11-01,,2.27000000000000
1958-12-01,,2.42000000000000
1959-01-01,,2.48000000000000
1959-02-01,,2.43000000000000
1959-03-01,,2.80000000000000
1959-04-01,,2.96000000000000
1959-05-01,,2.90000000000000
1959-06-01,,3.39000000000000
1959-07-01,,3.47000000000000
1959-08-01,,3.50000000000000
1959-09-01,,3.76000000000000
1959-10-01,,3.98000000000000
1959-11-01,,4.00000000000000
1959-12-01,,3.99000000000000
1960-01-01,,3.99000000000000
1960-02-01,,3.97000000000000
1960-03-01,,3.84000000000000
1960-04-01,,3.92000000000000
1960-05-01,,3.85000000000000
1960-06-01,,3.32000000000000
1960-07-01,,3.23000000000000
1960-08-01,,2.98000000000000
1960-09-01,,2.60000000000000
1960-10-01,,2.47000000000000
1960-11-01,,2.44000000000000
1960-12-01,,1.98000000000000
1961-01-01,,1.45000000000000
1961-02-01,,2.54000000000000
1961-03-01,,2.02000000000000
1961-04-01,,1.49000000000000
1961-05-01,,1.98000000000000
1961-06-01,,1.73000000000000
1961-07-01,,1.17000000000000
1961-08-01,,2.00000000000000
1961-09-01,,1.88000000000000
1961-10-01,,2.26000000000000
1961-11-01,,2.61000000000000
1961-12-01,,2.33000000000000
1962-01-01,,2.15000000000000
1962-02-01,,2.37000000000000
1962-03-01,,2.85000000000000
1962-04-01,,2.78000000000000
1962-05-01,,2.36000000000000
1962-06-01,,2.68000000000000
1962-07-01,,2.71000000000000
1962-08-01,,2.93000000000000
1962-09-01,,2.90000000000000
1962-10-01,,2.90000000000000
1962-11-01,,2.94000000000000
1962-12-01,,2.93000000000000
1963-01-01,,2.92000000000000
1963-02-01,,3.00000000000000
1963-03-01,,2.98000000000000
1963-04-01,,2.90000000000000
1963-05-01,,3.00000000000000
1963-06-01,,2.99000000000000
1963-07-01,,3.02000000000000
1963-08-01,,3.49000000000000
1963-09-01,,3.48000000000000
1963-10-01,,3.50000000000000
1963-11-01,,3.48000000000000
1963-12-01,,3.38000000000000
1964-01-01,,3.48000000000000
1964-02-01,,3.48000000000000
1964-03-01,,3.43000000000000
1964-04-01,,3.47000000000000
1964-05-01,,3.50000000000000
1964-06-01,,3.50000000000000
1964-07-01,,3.42000000000000
1964-08-01,,3.50000000000000
1964-09-01,,3.45000000000000
1964-10-01,,3.36000000000000
1964-11-01,,3.52000000000000
1964-12-01,,3.85000000000000
1965-01-01,,3.90000000000000
1965-02-01,,3.98000000000000
1965-03-01,,4.05000000000000
1965-04-01,,4.09000000000000
1965-05-01,,4.10000000000000
1965-06-01,,4.05000000000000
1965-07-01,,4.09000000000000
1965-08-01,,4.12000000000000
1965-09-01,,4.02000000000000
1965-10-01,,4.08000000000000
1965-11-01,,4.10000000000000
1965-12-01,,4.32000000000000
1966-01-01,,4.42000000000000
1966-02-01,,4.60000000000000
1966-03-01,,4.66000000000000
1966-04-01,,4.67000000000000
1966-05-01,,4.90000000000000
1966-06-01,,5.17000000000000
1966-07-01,,5.30000000000000
1966-08-01,,5.53000000000000
1966-09-01,,5.40000000000000
1966-10-01,,5.53000000000000
1966-11-01,,5.76000000000000
1966-12-01,,5.40000000000000
1967-01-01,,4.94000000000000
1967-02-01,,5.00000000000000
1967-03-01,,4.53000000000000
1967-04-01,,4.05000000000000
1967-05-01,,3.94000000000000
1967-06-01,,3.98000000000000
1967-07-01,,3.79000000000000
1967-08-01,,3.90000000000000
1967-09-01,,3.99000000000000
1967-10-01,,3.88000000000000
1967-11-01,,4.13000000000000
1967-12-01,,4.51000000000000
1968-01-01,,4.61000000000000
1968-02-01,,4.71000000000000
1968-03-01,,5.05000000000000
1968-04-01,,5.76000000000000
1968-05-01,,6.12000000000000
1968-06-01,,6.07000000000000
1968-07-01,,6.03000000000000
1968-08-01,,6.03000000000000
1968-09-01,,5.78000000000000
1968-10-01,,5.91000000000000
1968-11-01,,5.82000000000000
1968-12-01,,6.02000000000000
1969-01-01,,6.30000000000000
1969-02-01,,6.61000000000000
1969-03-01,,6.79000000000000
1969-04-01,,7.41000000000000
1969-05-01,,8.67000000000000
1969-06-01,,8.90000000000000
1969-07-01,,8.61000000000000
1969-08-01,,9.19000000000000
1969-09-01,,9.15000000000000
1969-10-01,,9.00000000000000
1969-11-01,,8.85000000000000
1969-12-01,,8.97000000000000
1970-01-01,,8.98000000000000
1970-02-01,,8.98000000000000
1970-03-01,,7.76000000000000
1970-04-01,,8.10000000000000
1970-05-01,,7.95000000000000
1970-06-01,,7.61000000000000
1970-07-01,,7.21000000000000
1970-08-01,,6.62000000000000
1970-09-01,,6.29000000000000
1970-10-01,,6.20000000000000
1970-11-01,,5.60000000000000
1970-12-01,,4.90000000000000
1971-01-01,,4.14000000000000
1971-02-01,,3.72000000000000
1971-03-01,,3.71000000000000
1971-04-01,,4.16000000000000
1971-05-01,,4.63000000000000
1971-06-01,,4.91000000000000
1971-07-01,,5.31000000000000
1971-08-01,,5.57000000000000
1971-09-01,,5.55000000000000
1971-10-01,,5.20000000000000
1971-11-01,,4.91000000000000
1971-12-01,,4.14000000000000
1972-01-01,,3.51000000000000
1972-02-01,,3.30000000000000
1972-03-01,,3.83000000000000
1972-04-01,,4.17000000000000
1972-05-01,,4.27000000000000
1972-06-01,,4.46000000000000
1972-07-01,,4.55000000000000
1972-08-01,,4.81000000000000
1972-09-01,,4.87000000000000
1972-10-01,,5.05000000000000
1972-11-01,,5.06000000000000
1972-12-01,,5.33000000000000
1973-01-01,,5.94000000000000
1973-02-01,,6.58000000000000
1973-03-01,,7.09000000000000
1973-04-01,,7.12000000000000
1973-05-01,,7.84000000000000
1973-06-01,,8.49000000000000
1973-07-01,,10.40000000000000
1973-08-01,,10.50000000000000
1973-09-01,,10.78000000000000
1973-10-01,,10.01000000000000
1973-11-01,,10.03000000000000
1973-12-01,,9.95000000000000
1974-01-01,,9.65000000000000
1974-02-01,,8.97000000000000
1974-03-01,,9.35000000000000
1974-04-01,,10.51000000000000
1974-05-01,,11.31000000000000
1974-06-01,,11.93000000000000
1974-07-01,,12.92000000000000
1974-08-01,,12.01000000000000
1974-09-01,,11.34000000000000
1974-10-01,,10.06000000000000
1974-11-01,,9.45000000000000
1974-12-01,,8.53000000000000
1975-01-01,,7.13000000000000
1975-02-01,,6.24000000000000
1975-03-01,,5.54000000000000
1975-04-01,,5.49000000000000
1975-05-01,,5.22000000000000
1975-06-01,,5.55000000000000
1975-07-01,,6.10000000000000
1975-08-01,,6.14000000000000
1975-09-01,,6.24000000000000
1975-10-01,,5.82000000000000
1975-11-01,,5.22000000000000
1975-12-01,,5.20000000000000
1976-01-01,,4.87000000000000
1976-02-01,,4.77000000000000
1976-03-01,,4.84000000000000
1976-04-01,,4.82000000000000
1976-05-01,,5.29000000000000
1976-06-01,,5.48000000000000
1976-07-01,,5.31000000000000
1976-08-01,,5.29000000000000
1976-09-01,,5.25000000000000
1976-10-01,,5.02000000000000
1976-11-01,,4.95000000000000
1976-12-01,,4.65000000000000
1977-01-01,,4.61000000000000
1977-02-01,,4.68000000000000
1977-03-01,,4.69000000000000
1977-04-01,,4.73000000000000
1977-05-01,,5.35000000000000
1977-06-01,,5.39000000000000
1977-07-01,,5.42000000000000
1977-08-01,,5.90000000000000
1977-09-01,,6.14000000000000
1977-10-01,,6.47000000000000
1977-11-01,,6.51000000000000
1977-12-01,,6.56000000000000
1978-01-01,,6.70000000000000
1978-02-01,,6.78000000000000
1978-03-01,,6.79000000000000
1978-04-01,,6.89000000000000
1978-05-01,,7.36000000000000
1978-06-01,,7.60000000000000
1978-07-01,,7.81000000000000
1978-08-01,,8.04000000000000
1978-09-01,,8.45000000000000
1978-10-01,,8.96000000000000
1978-11-01,,9.76000000000000
1978-12-01,,10.03000000000000
1979-01-01,,10.07000000000000
1979-02-01,,10.06000000000000
1979-03-01,,10.09000000000000
1979-04-01,,10.01000000000000
1979-05-01,,10.24000000000000
1979-06-01,,10.29000000000000
1979-07-01,,10.47000000000000
1979-08-01,,10.94000000000000
1979-09-01,,11.43000000000000
1979-10-01,,13.77000000000000
1979-11-01,,13.18000000000000
1979-12-01,,13.78000000000000
1980-01-01,,13.82000000000000
1980-02-01,,14.13000000000000
1980-03-01,,17.19000000000000
1980-04-01,,17.61000000000000
1980-05-01,,10.98000000000000
1980-06-01,,9.47000000000000
1980-07-01,,9.03000000000000
1980-08-01,,9.61000000000000
1980-09-01,,10.87000000000000
1980-10-01,,12.81000000000000
1980-11-01,,15.85000000000000
1980-12-01,,18.90000000000000
1981-01-01,,19.08000000000000
1981-02-01,,15.93000000000000
1981-03-01,,14.70000000000000
1981-04-01,,15.72000000000000
1981-05-01,,18.52000000000000
1981-06-01,,19.10000000000000
1981-07-01,,19.04000000000000
1981-08-01,,17.82000000000000
1981-09-01,,15.87000000000000
1981-10-01,,15.08000000000000
1981-11-01,,13.31000000000000
1981-12-01,,12.37000000000000
1982-01-01,,13.22000000000000
1982-02-01,,14.78000000000000
1982-03-01,,14.68000000000000
1982-04-01,,14.94000000000000
1982-05-01,,14.45000000000000
1982-06-01,,14.15000000000000
1982-07-01,,12.59000000000000
1982-08-01,,10.12000000000000
1982-09-01,,10.31000000000000
1982-10-01,,9.71000000000000
1982-11-01,,9.20000000000000
1982-12-01,,8.95000000000000
1983-01-01,,8.68000000000000
1983-02-01,,8.51000000000000
1983-03-01,,8.77000000000000
1983-04-01,,8.80000000000000
1983-05-01,,8.63000000000000
1983-06-01,,8.98000000000000
1983-07-01,,9.37000000000000
1983-08-01,,9.56000000000000
1983-09-01,,9.45000000000000
1983-10-01,,9.48000000000000
1983-11-01,,9.34000000000000
1983-12-01,,9.47000000000000
1984-01-01,,9.56000000000000
1984-02-01,,9.59000000000000
1984-03-01,,9.91000000000000
1984-04-01,,10.29000000000000
1984-05-01,,10.32000000000000
1984-06-01,,11.06000000000000
1984-07-01,,11.23000000000000
1984-08-01,,11.64000000000000
1984-09-01,,11.30000000000000
1984-10-01,,9.99000000000000
1984-11-01,,9.43000000000000
1984-12-01,,8.38000000000000
1985-01-01,,8.35000000000000
1985-02-01,,8.50000000000000
1985-03-01,,8.58000000000000
1985-04-01,,8.27000000000000
1985-05-01,,7.97000000000000
1985-06-01,,7.53000000000000
1985-07-01,6.41670,7.88000000000000
1985-08-01,6.24760,7.90000000000000
1985-09-01,6.49720,7.92000000000000
1985-10-01,6.66000,7.99000000000000
1985-11-01,7.41850,8.05000000000000
1985-12-01,8.24250,8.27000000000000
1986-01-01,7.04550,8.14000000000000
1986-02-01,6.02560,7.86000000000000
1986-03-01,5.75520,7.48000000000000
1986-04-01,4.96610,6.99000000000000
1986-05-01,4.39840,6.85000000000000
1986-06-01,4.52340,6.92000000000000
1986-07-01,4.62980,6.56000000000000
1986-08-01,4.67710,6.17000000000000
1986-09-01,4.75850,5.89000000000000
1986-10-01,4.53650,5.85000000000000
1986-11-01,3.90480,6.04000000000000
1986-12-01,4.31500,6.91000000000000
1987-01-01,4.33040,6.43000000000000
1987-02-01,4.27680,6.10000000000000
1987-03-01,3.99220,6.13000000000000
1987-04-01,3.71470,6.37000000000000
1987-05-01,3.29550,6.85000000000000
1987-06-01,3.30730,6.73000000000000
1987-07-01,3.29500,6.58000000000000
1987-08-01,3.31510,6.73000000000000
1987-09-01,3.51420,7.22000000000000
1987-10-01,3.50000,7.29000000000000
1987-11-01,3.52680,6.69000000000000
1987-12-01,3.95750,6.77000000000000
1988-01-01,3.69940,6.83000000000000
1988-02-01,3.58520,6.58000000000000
1988-03-01,3.77340,6.58000000000000
1988-04-01,3.49460,6.87000000000000
1988-05-01,3.46430,7.09000000000000
1988-06-01,3.59380,7.51000000000000
1988-07-01,3.86460,7.75000000000000
1988-08-01,3.98000,8.01000000000000
1988-09-01,4.08520,8.19000000000000
1988-10-01,4.17120,8.30000000000000
1988-11-01,3.94320,8.35000000000000
1988-12-01,4.36250,8.76000000000000
1989-01-01,4.09375,9.12000000000000
1989-02-01,4.17928,9.36000000000000
1989-03-01,4.25426,9.85000000000000
1989-04-01,4.42031,9.84000000000000
1989-05-01,4.67500,9.81000000000000
1989-06-01,5.13778,9.53000000000000
1989-07-01,5.22470,9.24000000000000
1989-08-01,5.38043,8.99000000000000
1989-09-01,5.43125,9.02000000000000
1989-10-01,6.00893,8.84000000000000
1989-11-01,6.15156,8.55000000000000
1989-12-01,6.44792,8.45000000000000
1990-01-01,6.58059,8.23000000000000
1990-02-01,6.64309,8.24000000000000
1990-03-01,6.81696,8.28000000000000
1990-04-01,7.16250,8.26000000000000
1990-05-01,7.25893,8.18000000000000
1990-06-01,7.36458,8.29000000000000
1990-07-01,7.52415,8.15000000000000
1990-08-01,7.54348,8.13000000000000
1990-09-01,7.76316,8.20000000000000
1990-10-01,7.81108,8.11000000000000
1990-11-01,8.07656,7.81000000000000
1990-12-01,8.22969,7.31000000000000
1991-01-01,8.05428,6.91000000000000
1991-02-01,8.12007,6.25000000000000
1991-03-01,8.27813,6.12000000000000
1991-04-01,8.23363,5.91000000000000
1991-05-01,8.03274,5.78000000000000
1991-06-01,8.04063,5.90000000000000
1991-07-01,7.46060,5.82000000000000
1991-08-01,7.48438,5.66000000000000
1991-09-01,7.04934,5.45000000000000
1991-10-01,6.85795,5.21000000000000
1991-11-01,6.38281,4.81000000000000
1991-12-01,6.30952,4.43000000000000
1992-01-01,5.52632,4.03000000000000
1992-02-01,5.68257,4.06000000000000
1992-03-01,5.65327,3.98000000000000
1992-04-01,4.76637,3.73000000000000
1992-05-01,4.74507,3.82000000000000
1992-06-01,4.75284,3.76000000000000
1992-07-01,4.53125,3.25000000000000
1992-08-01,4.11905,3.30000000000000
1992-09-01,4.22656,3.22000000000000
1992-10-01,4.07386,3.10000000000000
1992-11-01,3.94572,3.09000000000000
1992-12-01,3.89489,2.92000000000000
1993-01-01,3.89967,3.02000000000000
1993-02-01,3.27632,3.03000000000000
1993-03-01,3.24185,3.07000000000000
1993-04-01,3.17857,2.96000000000000
1993-05-01,3.20660,3.00000000000000
1993-06-01,3.21429,3.04000000000000
1993-07-01,3.26278,3.06000000000000
1993-08-01,3.12926,3.03000000000000
1993-09-01,2.85781,3.09000000000000
1993-10-01,2.50781,2.99000000000000
1993-11-01,2.49531,3.02000000000000
1993-12-01,2.44196,2.96000000000000
1994-01-01,2.33125,3.05000000000000
1994-02-01,2.24013,3.25000000000000
1994-03-01,2.25000,3.34000000000000
1994-04-01,2.17500,3.56000000000000
1994-05-01,2.09046,4.01000000000000
1994-06-01,2.06250,4.25000000000000
1994-07-01,2.08185,4.26000000000000
1994-08-01,2.13043,4.47000000000000
1994-09-01,2.18906,4.73000000000000
1994-10-01,2.23750,4.76000000000000
1994-11-01,2.26719,5.29000000000000
1994-12-01,2.29315,5.45000000000000
1995-01-01,2.25000,5.53000000000000
1995-02-01,2.21719,5.92000000000000
1995-03-01,2.18892,5.98000000000000
1995-04-01,1.52500,6.05000000000000
1995-05-01,1.31325,6.01000000000000
1995-06-01,1.27909,6.00000000000000
1995-07-01,0.94667,5.85000000000000
1995-08-01,0.88174,5.74000000000000
1995-09-01,0.57350,5.80000000000000
1995-10-01,0.46667,5.76000000000000
1995-11-01,0.46050,5.80000000000000
1995-12-01,0.45905,5.60000000000000
1996-01-01,0.46632,5.56000000000000
1996-02-01,0.45800,5.22000000000000
1996-03-01,0.45550,5.31000000000000
1996-04-01,0.48571,5.22000000000000
1996-05-01,0.46857,5.24000000000000
1996-06-01,0.47150,5.27000000000000
1996-07-01,0.48217,5.40000000000000
1996-08-01,0.44409,5.22000000000000
1996-09-01,0.46789,5.30000000000000
1996-10-01,0.47500,5.24000000000000
1996-11-01,0.47700,5.31000000000000
1996-12-01,0.48600,5.29000000000000
1997-01-01,0.48421,5.25000000000000
1997-02-01,0.49526,5.19000000000000
1997-03-01,0.51000,5.39000000000000
1997-04-01,0.49619,5.51000000000000
1997-05-01,0.48619,5.50000000000000
1997-06-01,0.49571,5.56000000000000
1997-07-01,0.49273,5.52000000000000
1997-08-01,0.48476,5.54000000000000
1997-09-01,0.49800,5.54000000000000
1997-10-01,0.48000,5.50000000000000
1997-11-01,0.49111,5.52000000000000
1997-12-01,0.39429,5.50000000000000
1998-01-01,0.43526,5.56000000000000
1998-02-01,0.43368,5.51000000000000
1998-03-01,0.43091,5.49000000000000
1998-04-01,0.44333,5.45000000000000
1998-05-01,0.42789,5.49000000000000
1998-06-01,0.43682,5.56000000000000
1998-07-01,0.41318,5.54000000000000
1998-08-01,0.42714,5.55000000000000
1998-09-01,0.32150,5.51000000000000
1998-10-01,0.23545,5.07000000000000
1998-11-01,0.20158,4.83000000000000
1998-12-01,0.25095,4.68000000000000
1999-01-01,0.22526,4.63000000000000
1999-02-01,0.17632,4.76000000000000
1999-03-01,0.04091,4.81000000000000
1999-04-01,0.03143,4.74000000000000
1999-05-01,0.03000,4.74000000000000
1999-06-01,0.03000,4.76000000000000
1999-07-01,0.03000,4.99000000000000
1999-08-01,0.03000,5.07000000000000
1999-09-01,0.03250,5.22000000000000
1999-10-01,0.02450,5.20000000000000
1999-11-01,0.02750,5.42000000000000
1999-12-01,0.02429,5.30000000000000
2000-01-01,0.02053,5.45000000000000
2000-02-01,0.03450,5.73000000000000
2000-03-01,0.02136,5.85000000000000
2000-04-01,0.02000,6.02000000000000
2000-05-01,0.02100,6.27000000000000
2000-06-01,0.02091,6.53000000000000
2000-07-01,0.02100,6.54000000000000
2000-08-01,0.15522,6.50000000000000
2000-09-01,0.24950,6.52000000000000
2000-10-01,0.24762,6.51000000000000
2000-11-01,0.24750,6.51000000000000
2000-12-01,0.24143,6.40000000000000
2001-01-01,0.24895,5.98000000000000
2001-02-01,0.24842,5.49000000000000
2001-03-01,0.10667,5.31000000000000
2001-04-01,0.02000,4.80000000000000
2001-05-01,0.01857,4.21000000000000
2001-06-01,0.01762,3.97000000000000
2001-07-01,0.01286,3.77000000000000
2001-08-01,0.01000,3.65000000000000
2001-09-01,0.00505,3.07000000000000
2001-10-01,0.00314,2.49000000000000
2001-11-01,0.00243,2.09000000000000
2001-12-01,0.00184,1.82000000000000
2002-01-01,0.00111,1.73000000000000
2002-02-01,0.00100,1.74000000000000
2002-03-01,0.00205,1.73000000000000
2002-04-01,0.00148,1.75000000000000
2002-05-01,0.00138,1.75000000000000
2002-06-01,0.00140,1.75000000000000
2002-07-01,0.00178,1.73000000000000
2002-08-01,0.00186,1.74000000000000
2002-09-01,0.00526,1.75000000000000
2002-10-01,0.00191,1.75000000000000
2002-11-01,0.00195,1.34000000000000
2002-12-01,0.00195,1.24000000000000
2003-01-01,0.00200,1.24000000000000
2003-02-01,0.00100,1.26000000000000
2003-03-01,0.00200,1.25000000000000
2003-04-01,0.00100,1.26000000000000
2003-05-01,0.00100,1.26000000000000
2003-06-01,0.00100,1.22000000000000
2003-07-01,0.00200,1.01000000000000
2003-08-01,0.00100,1.03000000000000
2003-09-01,0.00200,1.01000000000000
2003-10-01,0.00100,1.01000000000000
2003-11-01,0.00100,1.00000000000000
2003-12-01,0.00100,0.98000000000000
2004-01-01,0.00000,1.00000000000000
2004-02-01,0.00100,1.01000000000000
2004-03-01,0.00100,1.00000000000000
2004-04-01,0.00000,1.00000000000000
2004-05-01,0.00100,1.00000000000000
2004-06-01,0.00100,1.03000000000000
2004-07-01,0.00000,1.26000000000000
2004-08-01,0.00100,1.43000000000000
2004-09-01,0.00100,1.61000000000000
2004-10-01,0.00100,1.76000000000000
2004-11-01,0.00100,1.93000000000000
2004-12-01,0.00100,2.16000000000000
2005-01-01,0.00100,2.28000000000000
2005-02-01,0.00100,2.50000000000000
2005-03-01,0.00200,2.63000000000000
2005-04-01,0.00100,2.79000000000000
2005-05-01,0.00100,3.00000000000000
2005-06-01,0.00100,3.04000000000000
2005-07-01,0.00100,3.26000000000000
2005-08-01,0.00100,3.50000000000000
2005-09-01,0.00100,3.62000000000000
2005-10-01,0.00100,3.78000000000000
2005-11-01,0.00100,4.00000000000000
2005-12-01,0.00100,4.16000000000000
2006-01-01,0.00100,4.29000000000000
2006-02-01,0.00100,4.49000000000000
2006-03-01,0.00200,4.59000000000000
2006-04-01,0.00200,4.79000000000000
2006-05-01,0.02000,4.94000000000000
2006-06-01,0.03600,4.99000000000000
2006-07-01,0.15500,5.24000000000000
2006-08-01,0.25000,5.25000000000000
2006-09-01,0.26100,5.25000000000000
2006-10-01,0.25400,5.25000000000000
2006-11-01,0.25700,5.25000000000000
2006-12-01,0.25500,5.24000000000000
2007-01-01,0.26700,5.25000000000000
2007-02-01,0.35700,5.26000000000000
2007-03-01,0.50900,5.26000000000000
2007-04-01,0.51100,5.25000000000000
2007-05-01,0.52100,5.25000000000000
2007-06-01,0.51000,5.25000000000000
2007-07-01,0.49900,5.26000000000000
2007-08-01,0.48500,5.02000000000000
2007-09-01,0.51000,4.94000000000000
2007-10-01,0.50600,4.76000000000000
2007-11-01,0.50000,4.49000000000000
2007-12-01,0.49700,4.24000000000000
2008-01-01,0.50200,3.94000000000000
2008-02-01,0.50400,2.98000000000000
2008-03-01,0.51100,2.61000000000000
2008-04-01,0.50600,2.28000000000000
2008-05-01,0.50500,1.98000000000000
2008-06-01,0.50900,2.00000000000000
2008-07-01,0.50300,2.01000000000000
2008-08-01,0.50400,2.00000000000000
2008-09-01,0.49500,1.81000000000000
2008-10-01,0.48700,0.97000000000000
2008-11-01,0.30100,0.39000000000000
2008-12-01,0.21100,0.16000000000000
2009-01-01,0.12000,0.15000000000000
2009-02-01,0.11100,0.22000000000000
2009-03-01,0.10000,0.18000000000000
2009-04-01,0.10400,0.15000000000000
2009-05-01,0.10200,0.18000000000000
2009-06-01,0.10400,0.21000000000000
2009-07-01,0.10200,0.16000000000000
2009-08-01,0.10600,0.16000000000000
2009-09-01,0.10200,0.15000000000000
2009-10-01,0.10600,0.12000000000000
2009-11-01,0.10500,0.12000000000000
2009-12-01,0.10100,0.12000000000000
2010-01-01,0.09600,0.11000000000000
2010-02-01,0.10100,0.13000000000000
2010-03-01,0.09700,0.16000000000000
2010-04-01,0.09300,0.20000000000000
2010-05-01,0.09100,0.20000000000000
2010-06-01,0.09500,0.18000000000000
2010-07-01,0.09400,0.18000000000000
2010-08-01,0.09500,0.19000000000000
2010-09-01,0.09100,0.19000000000000
2010-10-01,0.09100,0.19000000000000
2010-11-01,0.09100,0.19000000000000
2010-12-01,0.08700,0.18000000000000
2011-01-01,0.08500,0.17000000000000
2011-02-01,0.09300,0.16000000000000
2011-03-01,0.08500,0.14000000000000
2011-04-01,0.06200,0.10000000000000
2011-05-01,0.06900,0.09000000000000
2011-06-01,0.06900,0.09000000000000
2011-07-01,0.07300,0.07000000000000
2011-08-01,0.08100,0.10000000000000
2011-09-01,0.08000,0.08000000000000
2011-10-01,0.08100,0.07000000000000
2011-11-01,0.07700,0.08000000000000
2011-12-01,0.07800,0.07000000000000
2012-01-01,0.08000,0.08000000000000
2012-02-01,0.08500,0.10000000000000
2012-03-01,0.08400,0.13000000000000
2012-04-01,0.07500,0.14000000000000
2012-05-01,0.08400,0.16000000000000
2012-06-01,0.07600,0.16000000000000
2012-07-01,0.08400,0.16000000000000
2012-08-01,0.08600,0.13000000000000
2012-09-01,0.08500,0.14000000000000
2012-10-01,0.08500,0.16000000000000
2012-11-01,0.08600,0.16000000000000
2012-12-01,0.08200,0.16000000000000
2013-01-01,0.08300,0.14000000000000
2013-02-01,0.08000,0.15000000000000
2013-03-01,0.08000,0.14000000000000
2013-04-01,0.07000,0.15000000000000
2013-05-01,0.07000,0.11000000000000
2013-06-01,0.07000,0.09000000000000
2013-07-01,0.07000,0.09000000000000
2013-08-01,0.07000,0.08000000000000
2013-09-01,0.07000,0.08000000000000
2013-10-01,0.07000,0.09000000000000
2013-11-01,0.07000,0.08000000000000
2013-12-01,0.07000,0.09000000000000
2014-01-01,0.07000,0.07000000000000
2014-02-01,0.08000,0.07000000000000
2014-03-01,0.07000,0.08000000000000
2014-04-01,0.06000,0.09000000000000
2014-05-01,0.07000,0.09000000000000
2014-06-01,0.07000,0.10000000000000
2014-07-01,0.07000,0.09000000000000
2014-08-01,0.07000,0.09000000000000
2014-09-01,0.07000,0.09000000000000
2014-10-01,0.06000,0.09000000000000
2014-11-01,0.06000,0.09000000000000
2014-12-01,0.07000,0.12000000000000
2015-01-01,0.07000,0.11000000000000
2015-02-01,0.08000,0.11000000000000
2015-03-01,0.07000,0.11000000000000
2015-04-01,0.06000,0.12000000000000
2015-05-01,0.07000,0.12000000000000
2015-06-01,0.07000,0.13000000000000
2015-07-01,0.07000,0.13000000000000
2015-08-01,0.08000,0.14000000000000
2015-09-01,0.07000,0.14000000000000
2015-10-01,0.08000,0.12000000000000
2015-11-01,0.08000,0.12000000000000
2015-12-01,0.07000,0.24000000000000
2016-01-01,0.07000,0.34000000000000
2016-02-01,0.03000,0.38000000000000
2016-03-01,-0.00300,0.36000000000000
2016-04-01,-0.03600,0.37000000000000
2016-05-01,-0.05900,0.37000000000000
2016-06-01,-0.05500,0.38000000000000
2016-07-01,-0.04300,0.39000000000000
2016-08-01,-0.04300,0.40000000000000
2016-09-01,-0.05200,0.40000000000000
2016-10-01,-0.03700,0.40000000000000
2016-11-01,-0.04900,0.41000000000000
2016-12-01,-0.04400,0.54000000000000
2017-01-01,-0.04500,0.65000000000000
2017-02-01,-0.03800,0.66000000000000
2017-03-01,-0.04200,0.79000000000000
2017-04-01,-0.05400,0.90000000000000
2017-05-01,-0.05300,0.91000000000000
2017-06-01,-0.05600,1.04000000000000
2017-07-01,-0.05400,1.15000000000000
2017-08-01,-0.04900,1.16000000000000
2017-09-01,-0.05800,1.15000000000000
2017-10-01,-0.03700,1.15000000000000
2017-11-01,-0.04800,1.16000000000000
2017-12-01,-0.04200,1.30000000000000
2018-01-01,-0.04000,1.41000000000000
2018-02-01,-0.04200,1.42000000000000
2018-03-01,-0.06200,1.51000000000000
2018-04-01,-0.06300,1.69000000000000
2018-05-01,-0.06100,1.70000000000000
2018-06-01,-0.07100,1.82000000000000
2018-07-01,-0.07000,1.91000000000000
2018-08-01,-0.05900,1.91000000000000
2018-09-01,-0.05800,1.95000000000000
2018-10-01,-0.06000,2.19000000000000
2018-11-01,-0.07100,2.20000000000000
2018-12-01,-0.06800,2.27000000000000
2019-01-01,-0.06400,2.40000000000000
2019-02-01,-0.05500,2.40000000000000
2019-03-01,-0.04100,2.41000000000000
2019-04-01,-0.06700,2.42000000000000
2019-05-01,-0.04900,2.39000000000000
2019-06-01,-0.06200,2.38000000000000
2019-07-01,-0.07100,2.40000000000000
2019-08-01,-0.04500,2.13000000000000
2019-09-01,-0.05900,2.04000000000000
2019-10-01,-0.02100,1.83000000000000
2019-11-01,-0.04300,1.55000000000000
2019-12-01,-0.03800,1.55000000000000
2020-01-01,-0.03200,1.55000000000000
2020-02-01,-0.01600,1.58000000000000
2020-03-01,-0.04700,0.65000000000000
2020-04-01,-0.03600,0.05000000000000
2020-05-01,-0.04700,0.05000000000000
2020-06-01,-0.04800,0.08000000000000
2020-07-01,-0.02800,0.09000000000000
2020-08-01,-0.03500,0.10000000000000
2020-09-01,-0.05400,0.09000000000000
2020-10-01,-0.02000,0.09000000000000
2020-11-01,-0.03200,0.09000000000000
2020-12-01,-0.02600,0.09000000000000
2021-01-01,-0.01700,0.09000000000000
2021-02-01,-0.01600,0.08000000000000
2021-03-01,-0.01700,0.07000000000000
2021-04-01,-0.01200,0.07000000000000
2021-05-01,-0.01700,0.06000000000000
2021-06-01,-0.02900,0.08000000000000
2021-07-01,-0.03600,0.10000000000000
2021-08-01,-0.03400,0.09000000000000
2021-09-01,-0.02200,0.08000000000000
2021-10-01,-0.02700,0.08000000000000
2021-11-01,-0.03900,0.08000000000000
2021-12-01,-0.02600,0.08000000000000
2022-01-01,-0.02000,0.08000000000000
2022-02-01,-0.01800,0.08000000000000
2022-03-01,-0.00800,0.20000000000000
2022-04-01,-0.01200,0.33000000000000
2022-05-01,-0.01800,0.77000000000000
2022-06-01,-0.03800,1.21000000000000
2022-07-01,-0.01200,1.68000000000000
2022-08-01,-0.01800,2.33000000000000
2022-09-01,-0.04900,2.56000000000000
2022-10-01,-0.05000,3.08000000000000
2022-11-01,-0.06700,3.78000000000000
2022-12-01,-0.07000,4.10000000000000
2023-01-01,-0.02000,4.33000000000000
2023-02-01,-0.01900,4.57000000000000
2023-03-01,-0.01700,4.65000000000000
2023-04-01,-0.01500,4.83000000000000
2023-05-01,-0.05100,5.06000000000000
2023-06-01,-0.06600,5.08000000000000
2023-07-01,-0.04600,5.12000000000000
2023-08-01,-0.06400,5.33000000000000
2023-09-01,-0.05400,5.33000000000000
2023-10-01,-0.02000,5.33000000000000
2023-11-01,-0.01500,5.33000000000000
2023-12-01,-0.01200,5.33000000000000
2024-01-01,-0.01400,5.33000000000000
2024-02-01,-0.00600,5.33000000000000
2024-03-01,0.02200,5.33000000000000
2024-04-01,0.07700,5.33000000000000
2024-05-01,0.07700,5.33000000000000
2024-06-01,0.07700,5.33000000000000
2024-07-01,0.07800,5.33000000000000
2024-08-01,0.22700,5.33000000000000
2024-09-01,0.22700,4.83000000000000
2024-10-01,0.22700,4.83000000000000
2024-11-01,0.22700,4.58000000000000
2024-12-01,0.22700,4.33000000000000
2025-01-01,0.29300,4.33000000000000
2025-02-01,0.47800,4.33000000000000
2025-03-01,0.47700,4.33000000000000
2025-04-01,0.47700,4.33000000000000
2025-05-01,0.47700,4.33000000000000
2025-06-01,0.47700,4.33000000000000
2025-07-01,0.47800,4.33000000000000
2025-08-01,0.47700,4.33000000000000
2025-09-01,0.47700,4.09000000000000
2025-10-01,0.47700,4.05888888890000
2025-11-01,0.47800,3.88272727270000
2025-12-01,0.55700,3.64000000000000
2026-01-01,0.72800,3.64000000000000
2026-02-01,0.72800,3.64000000000000
2026-03-01,0.72800,3.64000000000000
2026-04-01,0.72700,3.64000000000000
2026-05-01,0.72700,3.62000000000000
2026-06-01,0.84100,3.62533333333333
2026-07-01,0.97800,3.62806451612903
2026-08-01,0.97700,3.63000000000000
