relative_path,role,producer,bytes,sha256
README.md,documentation,version-controlled source,15636,70bfba3c68866442ee6de63788ced3fd640dd068ca035e5208b385de0cab0144
REPRODUCIBILITY.md,documentation,version-controlled source,5059,17b17019ced8b2c026896485ea56db29a8649cbbfa3586f4fa000bfdc1b4a042
code/README.md,executable_code,version-controlled source,2053,43ef2367c54b07f44f489d4fc10e25069830830927edf1660cd406f585616c7a
code/analysis/STA302_Project_Analysis.Rmd,executable_code,version-controlled source,79823,47f0cbdb06a97e4e6d922e88382f1ced75bf2074deb434d275af80cd819a626b
code/analysis/run_analysis.R,executable_code,version-controlled source,67401,013caca4fe8e637319b66ef9aff0a6c25709582e0efcbdab4b4701c185922a09
code/pipeline/build_artifact_manifest.py,executable_code,version-controlled source,2745,b08ebebed42b671605769cf3cd0a36e64b581d5bebc99af32e08f313d90de079
code/pipeline/build_bilingual_proposal_pdf.py,executable_code,version-controlled source,36904,81217ab66decb539711c89e6162e64fc56e1c5b8983522d7e12fddf80c4b84ad
code/pipeline/export_original_csv.py,executable_code,version-controlled source,3323,a3e380f7bbb2bf9b111bfbed9573c5994b8e774abafbc75a3d2757520e4f17c7
code/pipeline/prepare_submission_package.py,executable_code,version-controlled source,3017,34c17767fd5c66e17698428bf9655f818e81ac9e87112ef3bcbd0cd6024c3b32
code/pipeline/run_all.sh,executable_code,version-controlled source,783,4e39180dbe48fdcc0e0d26dd6bd2a90c9b70c9ffd700da5e5c72982b864c5929
code/pipeline/sync_analysis_rmd.py,executable_code,version-controlled source,12988,b8385deba717249ec04d5455f851cf42f6268379c439eaa5bb028d354437e40d
code/pipeline/test_submission_package.py,executable_code,version-controlled source,1559,aac6847192c59e9f1276aa0ff4e022023c855ff6145a90f64c1b0d4881c5d323
code/pipeline/validate_outputs.py,executable_code,version-controlled source,14775,9a68ee8abe0c45c6c6404e8b551f2bd64338a18681d4f66318abe098bea3046a
code/tests/test_pipeline.R,executable_code,version-controlled source,7380,749dba34fbb85bd9df3a3fdb8973e49e8411afcf72c8e0375a73c1ccf2bae3a9
config/README.md,configuration,version-controlled source,595,99719b11394ab938025bb5867f44a207a02f04c8935e1d11b719d4effbcb3faf
config/analysis_protocol.yml,configuration,version-controlled source,4069,e796555e1adb35635002d91267b468f99313e81fa6fef6184d6ce72d34ac6910
data/DATA_DICTIONARY.csv,documentation,version-controlled source,1840,9984e5bf600afb6b9de86a1dbc1e4f53e925ae52c88590e4b5d4a1ac7f3cd189
data/DATA_USE.md,documentation,version-controlled source,1332,1629e045a044be7b9a3661d5d89d7c88950f187812a95c7a98ab064603561fed
data/README.md,documentation,version-controlled source,1337,1495b354c09136ba2de31e3ffccf3b6d2b8fcb73121bf4f9a84842dfcc15c27d
data/SOURCE_MANIFEST.csv,documentation,version-controlled source,1948,92bdb68411e0d534bf90f393b9ba7be378218e58d77f8b441e51297a8d1e6323
data/SOURCE_MANIFEST.md,documentation,version-controlled source,1896,678ccc44edb61e17ddc79dde9cb183f0c874bac1c0910402ea49e0cb768f87b6
data/TIME_ALIGNMENT.csv,documentation,version-controlled source,2016,590e715110e4c1cc55be2ff2f2eeb9c00c997bed6643f3a115ea11116a225b12
data/TIME_ALIGNMENT.md,documentation,version-controlled source,2554,a5bb1fece3e92a7b30713e03a0f2cb41a77b7846597c55240fdcc253fc661090
data/original_csv/FRED_DEXJPUS_daily.csv,csv_export,code/pipeline/export_original_csv.py,256631,0ea1de1993e69827ccfdddc390af8f8f5abf15c566f4c4cd5a6072495b773965
data/original_csv/FRED_NIKKEI225_VIXCLS_daily.csv,csv_export,code/pipeline/export_original_csv.py,449755,e46952a445f253315b215373f96702181680d995e46082dfb159b5903cd5727a
data/original_csv/FRED_US_Japan_rates_monthly.csv,csv_export,code/pipeline/export_original_csv.py,28778,534d5348eb5ccc345ebf6215b84af1776553eb40b465afa2e5387c72aa585ac1
data/original_csv/Japan_5_Factors_Daily.csv,csv_export,code/pipeline/export_original_csv.py,602695,2f1de47afae57554bff00f0ebc807f915e0de28b01f03c937b7cde32eaad362e
data/original_csv/Japan_MOM_Factor_Daily.csv,csv_export,code/pipeline/export_original_csv.py,177326,20b759d329823b41d89291e8dbbef30acb115048d36e80e73b0ea7616763ca15
data/original_csv/SHA256SUMS.csv,csv_export,code/pipeline/export_original_csv.py,1845,28b0f95197bfd9cc64c4f3fb2224c46a582aa243ec2c8f53c4b854b16ad46277
data/original_csv/Yahoo_EWJ_original_export.csv,csv_export,code/pipeline/export_original_csv.py,311626,4812f2f131486d3d84e73c3c08cd9f9b9d4499320d94b987e5c626ecfa3b8ee3
data/original_csv/Yahoo_HEWJ_original_export.csv,csv_export,code/pipeline/export_original_csv.py,315877,b8f94900cd3035818ffb51f74b3f59b46694d948eb761bd44465c80b170611b7
data/processed/sta302_daily_analysis.csv,processed_data,code/analysis/run_analysis.R,359239,580b3d295f98155ac9864d24f13bf4be41b265c4b49a59c8421036aa935b73cb
data/raw/FRED_DEXJPUS_daily.csv,frozen_input,external provider snapshot,256631,0ea1de1993e69827ccfdddc390af8f8f5abf15c566f4c4cd5a6072495b773965
data/raw/FRED_NIKKEI225_VIXCLS_daily.csv,frozen_input,external provider snapshot,449755,e46952a445f253315b215373f96702181680d995e46082dfb159b5903cd5727a
data/raw/FRED_US_Japan_rates_monthly.csv,frozen_input,external provider snapshot,28778,534d5348eb5ccc345ebf6215b84af1776553eb40b465afa2e5387c72aa585ac1
data/raw/Japan_5_Factors_Daily.csv,frozen_input,external provider snapshot,602695,2f1de47afae57554bff00f0ebc807f915e0de28b01f03c937b7cde32eaad362e
data/raw/Japan_MOM_Factor_Daily.csv,frozen_input,external provider snapshot,177326,20b759d329823b41d89291e8dbbef30acb115048d36e80e73b0ea7616763ca15
data/raw/SHA256SUMS.txt,frozen_input,external provider snapshot,645,1c65011a58ab780f8642b6e3fda6667b05b6e2a3552d7fff2642aded845d525f
data/raw/Yahoo_EWJ_chart.json,frozen_input,external provider snapshot,343827,8715c42e95742f801ef4ec47f9b9d6d368582fc648588a9d96d8e37949a947ae
data/raw/Yahoo_HEWJ_chart.json,frozen_input,external provider snapshot,343768,e1045c5b21ef49a76030e9697012f0ca7ca2ec3025857f9b10d6e6616c517129
environment.yml,configuration,version-controlled source,221,c85ad48b85b4d2576c45115d868f5576a10f65c4cb320e22aa394657b52469c5
figures/README.md,figure,code/analysis/run_analysis.R or PDF builder,1751,5518a236f70566a56fe8aed7d5136fbc26ce0693a0880043ce89ef2bee6a4e3a
figures/diagnostics/influence_diagnostics.png,figure,code/analysis/run_analysis.R or PDF builder,125274,41774560f3c6c76ac9ee0a9d0dbd6d0904e4efe43773ed1cc0500a02533bd2e6
figures/diagnostics/residual_diagnostics.png,figure,code/analysis/run_analysis.R or PDF builder,421567,4e59f16a060fbd9bf88213b7a2981b80637b4fad659cd121f2d3c516afbb06e3
figures/diagnostics/residual_diagnostics_zh.png,figure,code/analysis/run_analysis.R or PDF builder,131723,5b48af188f28c495c3eda5ba28159a3abb657efbf76bb92ee5c505df9ed42b95
figures/diagnostics/robustness_sensitivity.png,figure,code/analysis/run_analysis.R or PDF builder,229284,92c46a2aebd9b948c1e085b320ef3f8d9cc9eefe214092eb2c2516d7b1eda188
figures/diagnostics/time_and_return_definition_sensitivity.png,figure,code/analysis/run_analysis.R or PDF builder,141393,146ffc22c06741c696daf40fe60cfda64a86ac8b5c6ee0254f761d5b3797002b
figures/inference/coefficient_intervals_hac5.png,figure,code/analysis/run_analysis.R or PDF builder,97147,085e6ec8415f91d0ce1e6f5d888bac40670397a0747d039cd6493fe6f75cba30
figures/inference/fx_slope_by_period.png,figure,code/analysis/run_analysis.R or PDF builder,278999,c883ef4321751e6168861bf1926776478eec10fa596ed875fecc39fa13349cef
figures/inference/fx_slope_by_period_zh.png,figure,code/analysis/run_analysis.R or PDF builder,70028,70c0b641166d85f7473a512a00ecddda0522f44466809129e72d93c0f5d16799
figures/inference/hac_lag_sensitivity.png,figure,code/analysis/run_analysis.R or PDF builder,77171,f94f0310a9036344be45ec3a2b9313bbd05fbfcf25b86ea4cb09cea6cdf76a26
figures/prediction/chronological_split.png,figure,code/analysis/run_analysis.R or PDF builder,269164,2326e325f6cea8d0a4ce30c614110e3d51ec32dca7c4e89e9f6249e2c6ad8b64
figures/prediction/heldout_test_predictions.png,figure,code/analysis/run_analysis.R or PDF builder,228258,f53fcfad57b6e8606afbe895e2e101c857afd47cef2f18db6492ac86376946f4
figures/prediction/model_full_factor_rolling_rmse.png,figure,code/analysis/run_analysis.R or PDF builder,80478,1a68a2bb7a11e39a5d3e7cc6d63f45064d74074c33aa7e46082438ecb1f6f60a
figures/prediction/model_fx_interaction_rolling_rmse.png,figure,code/analysis/run_analysis.R or PDF builder,82999,bb026ee3c0950f38e8edad7a5f69d57a3e154da4778ef1c6a4698b357e7356f1
figures/prediction/model_macro_controls_rolling_rmse.png,figure,code/analysis/run_analysis.R or PDF builder,79732,c60ced287531526caef5d2f144f98c29d4809fdb1b0a73b5413205b04d1e2bd2
figures/prediction/rolling_origin_folds.png,figure,code/analysis/run_analysis.R or PDF builder,89925,ea35eab616373f6b58ef545e282006eb9e06ceeee9c39c965955a71edede1a76
figures/prediction/rolling_origin_model_comparison.png,figure,code/analysis/run_analysis.R or PDF builder,76199,1b4dde86aa17b656ce29d594b08589bd7e6ad795bbe7b69978acaa0cef46117b
reports/README.md,documentation,version-controlled source,1220,a9a3d52a2efd29ebe0a2c75f75df9bce83ee2923123b8dfdc6a0babfd9698af6
reports/analysis/RESULTS_AND_CONCLUSIONS.md,documentation,version-controlled source,13666,9c2a2d58e3c07c79e20b9065ddab409063bf9305a0803888661bdab386bfc497
reports/analysis/STA302_Project_Analysis.html,rendered_output,R Markdown or PDF builder,3792069,dcd93105ae8e97ee206b1592e70bfb50fb58a3d87949f8f65105a3054f21376c
reports/proposal/STA302_Bilingual_Research_Proposal.pdf,rendered_output,R Markdown or PDF builder,911028,0214d68e4d22059e0e0ed82396a88dc2ea41d5c886a07b259a752af7a06575e9
reports/proposal/STA302_Research_Proposal_EN.md,documentation,version-controlled source,15921,4bc1d4768f52913b2790345866a33eb74d10cf78252a90530b2b56e829f3f13e
reports/proposal/STA302_Research_Proposal_Official_EN.pdf,rendered_output,R Markdown or PDF builder,648932,9a187e95bb4e4580dfc680f67ee6726d033e00aa680474e4c8b53f6be6461d9a
reports/proposal/STA302_Research_Proposal_Official_ZH.pdf,rendered_output,R Markdown or PDF builder,513052,9e6780fb7d878760c26031733fe71d6b1c886c8d136ace91f4d70726e0c18674
reports/proposal/STA302_Research_Proposal_ZH.md,documentation,version-controlled source,12688,65efc3661308a1d77b24e716eb207f4fdbca8ff99dd5c3c07b7eb4bf0299d94a
reports/submission/QUERCUS_SUBMISSION_CHECKLIST.md,documentation,version-controlled source,1564,3a7db9628752695c22c22608de4e6d9a4ed1f6e9f5d4dba28007b4557dfc8e91
results/README.md,statistical_result,code/analysis/run_analysis.R or manifest builder,3399,a06affa072197ba9aa5570dc79b352c8c34a3ec4dab1e0c17b965fd597b8b485
results/audit/R_run_log.txt,statistical_result,code/analysis/run_analysis.R or manifest builder,17212,49a98ed3024c7b8416fe6e3d2f49db3d979c9f91908714d614e5ace257266097
results/audit/data_alignment_audit.csv,statistical_result,code/analysis/run_analysis.R or manifest builder,527,c08a5e3071eaebb8195fc5b65cce34952033f01fa8bd0597224af52c80131288
results/audit/data_quality_audit.csv,statistical_result,code/analysis/run_analysis.R or manifest builder,816,ef1d9676434dbd98ce1443c15737eee2f1ff45947711dec3db838953b47ccbce
results/audit/influence_audit.csv,statistical_result,code/analysis/run_analysis.R or manifest builder,550405,3bb5f03f79b6fc1fe4fea0b833722b1d55c6060cd59b09186f17f58e27a20d97
results/inference/coefficients_classical.csv,statistical_result,code/analysis/run_analysis.R or manifest builder,1768,8aab9a537802fa0f7c4bb3525ee5b611bbb6b87c4efe6d0eacad4a9cc3ca2d69
results/inference/coefficients_hac5.csv,statistical_result,code/analysis/run_analysis.R or manifest builder,1949,baac80ea5b0f414b21cdd2bbe365a48877182d692daa2c1b9b64645c35b723a0
results/inference/diagnostics.csv,statistical_result,code/analysis/run_analysis.R or manifest builder,904,71605971856632f77c4231b01d74344f95ab1147a940c82448e0ed638c6fc93a
results/inference/fx_slope_hypothesis_tests.csv,statistical_result,code/analysis/run_analysis.R or manifest builder,617,ef8718093c6621ecc069598327e958bb3e929caf0d96cad2d841702cff1593d9
results/inference/predictor_summary.csv,statistical_result,code/analysis/run_analysis.R or manifest builder,1057,a6130387679c1384742235aae92da3dead808dfd8b404a10038c80a7ad8f0720
results/inference/vif.csv,statistical_result,code/analysis/run_analysis.R or manifest builder,305,16e8ecd5046389a348a713141d148edb3b934627db530f27f47ca7ca55f0d40d
results/models/models.rds,statistical_result,code/analysis/run_analysis.R or manifest builder,3446033,41bc9a439c94c97ec74a52acfa103343e0dfaf8eea93ee530c32b44b7e4d9565
results/prediction/chronological_validation.csv,statistical_result,code/analysis/run_analysis.R or manifest builder,558,05186fd28f5c12842bb3bb1bbdee869b9329e8121f4ce14311ee2c91576aa782
results/prediction/heldout_test_metrics.csv,statistical_result,code/analysis/run_analysis.R or manifest builder,558,05186fd28f5c12842bb3bb1bbdee869b9329e8121f4ce14311ee2c91576aa782
results/prediction/heldout_test_predictions.csv,statistical_result,code/analysis/run_analysis.R or manifest builder,65113,9e21ee433eb18b679fed2e1e9345cb5407377cb6f2024a7472acdd2b89b66cf3
results/prediction/model_selection_rolling_origin.csv,statistical_result,code/analysis/run_analysis.R or manifest builder,411,3bc0efb39a13b13a38c9fd3fa42b6c7078268caa59504ec82b59f1ad705700ce
results/prediction/rolling_origin_fold_metrics.csv,statistical_result,code/analysis/run_analysis.R or manifest builder,1228,61e33701126a8f13ff470135027872ccdae7d02420b5a462e6b9640a29e52065
results/prediction/split_summary.csv,statistical_result,code/analysis/run_analysis.R or manifest builder,223,6a4f8af17349e96136d35b93ab62dc36b0e7bdf199adaf44e75788086c2a2ca1
results/robustness/break_date_sensitivity.csv,statistical_result,code/analysis/run_analysis.R or manifest builder,931,18cefd0167296de9876174ac55ce8a6dcc4e02e57fc11e41fbe460e4d4c16978
results/robustness/data_alignment_sensitivity.csv,statistical_result,code/analysis/run_analysis.R or manifest builder,371,429432648284701aca45c5d3946d862f0e6622b02afaa2b8e06b2a994616b85a
results/robustness/factor_interval_sensitivity.csv,statistical_result,code/analysis/run_analysis.R or manifest builder,658,d5b6b7f8d4aebea805c609a67b20da8a059c9e28ee23eaaa802e584913355853
results/robustness/functional_form_sensitivity.csv,statistical_result,code/analysis/run_analysis.R or manifest builder,1537,2f6e0c4e3abaf7a51bb2a1a10e4dacbc27d3263ee9df4555643b33f49af738e6
results/robustness/hac_lag_sensitivity.csv,statistical_result,code/analysis/run_analysis.R or manifest builder,723,6fe082fab7610678b433abdd85a55738a35beea9478211915014252c55551836
results/robustness/influence_sensitivity.csv,statistical_result,code/analysis/run_analysis.R or manifest builder,872,8abbe83d95e96ac58be2cc967d4dc57743d05965f55b7dccdf8a8d2828bd3afe
results/robustness/nonsynchronous_fx_sensitivity.csv,statistical_result,code/analysis/run_analysis.R or manifest builder,1925,4ae66c73c959f31137614618d429cec3d77ba56f101a76b7520db95cc6797bdb
results/robustness/return_definition_sensitivity.csv,statistical_result,code/analysis/run_analysis.R or manifest builder,630,705512520d41965b878608d267402dcd0d03c9422d7c895f3be9fb65f685d558
results/robustness/yeo_johnson_lambda_profile.csv,statistical_result,code/analysis/run_analysis.R or manifest builder,2355,c60bfdcccf712576ead8203f3b0278c6b6d8923828ac57eb0a08a3063a1ccd3b
results/robustness/yeo_johnson_rolling_folds.csv,statistical_result,code/analysis/run_analysis.R or manifest builder,197,e40b766ecf60b759f8ada0596e417cd170b19010c5692fc4103233b2b5df1547
